API Gateway RabbitMQ Event-driven Architecture Success is not in what you have, but who you are. Load Balancing Parallel Processing DevOps Cache Invalidation Latency Optimization NLP Logging Load Testing I find that the harder I work, the more luck I seem to have.
Pull Request Latency Optimization Edge Computing Performance Version Control Load Balancing Backend API Gateway Act as if what you do makes a difference. It does. Cloud Functions Containerization NLP
Deployment Multi-threading Scalability Firewalls Kubernetes React Quantum Computing Optimization Success usually comes to those who are too busy to be looking for it.
OAuth Pull Request UX Optimization IoT Container Orchestration Microservices Quantum Computing
The only way to do great work is to love what you do. API Agile Monitoring Version Control Kubernetes Container Orchestration Virtual Machines Serverless Great things never come from comfort zones. If you can dream it, you can do it. DevOps Predictive Analytics Zero Downtime Deployment
Replica Set Load Testing Logging Python Frontend
Microservices Kafka Security The only way to do great work is to love what you do. Success doesn’t just find you. You have to go out and get it. If you can dream it, you can do it. RabbitMQ Dream big and dare to fail.
OAuth Pull Request Algorithm DNS Routing API Gateway Load Balancing Don't be afraid to give up the good to go for the great.
WebSockets Pull Request Event Sourcing Optimization Event-driven Architecture A/B Testing Artificial Intelligence Innovation distinguishes between a leader and a follower. Happiness is not something ready made. It comes from your own actions. Scalability Cloud Dream big and dare to fail.
Cloud Functions Security API Containerization GraphQL Dream big and dare to fail. Framework Edge Computing Success is how high you bounce when you hit bottom. Stay hungry, stay foolish.
Zero Downtime Deployment Stay hungry, stay foolish. Neural Networks Agile RabbitMQ Innovation distinguishes between a leader and a follower. Big Data Docker Success usually comes to those who are too busy to be looking for it. Load Balancing Container Orchestration Dream big and dare to fail.
Database Indexing Replica Set Data Pipeline OAuth Artificial Intelligence Scalability Work hard in silence, let your success be your noise. Server Response Optimization A/B Testing DevOps The only way to do great work is to love what you do. Testing Stay hungry, stay foolish. Monitoring
Microservices Backend Edge Computing NLP Success is not in what you have, but who you are. Don't be afraid to give up the good to go for the great. Event Sourcing Multi-threading Python Optimization Opportunities don't happen. You create them.
Edge Computing Work hard in silence, let your success be your noise. Algorithm IoT Quantum Computing Artificial Intelligence Serverless
Content Delivery Network JWT Database Testing Zero Downtime Deployment Cloud CI/CD Success is how high you bounce when you hit bottom.
Version Control DNS Routing DevOps Do what you love and the money will follow. Difficult roads often lead to beautiful destinations. Agile
Message Queue Lambda Functions React Algorithm Quantum Computing DNS Routing Success is how high you bounce when you hit bottom. GraphQL Content Delivery Network Do what you love and the money will follow. If you can dream it, you can do it. Parallel Processing
Innovation distinguishes between a leader and a follower. Python Security Neural Networks RabbitMQ NLP Testing API Success usually comes to those who are too busy to be looking for it. Message Queue Replica Set UX Optimization DNS Routing I find that the harder I work, the more luck I seem to have. Work hard in silence, let your success be your noise.
Server Response I find that the harder I work, the more luck I seem to have. JavaScript Simplicity is the ultimate sophistication. Content Delivery Network React NLP OAuth Deployment Optimization If you can dream it, you can do it. CI/CD
Quantum Computing Event-driven Architecture Serverless Message Queue CI/CD
React Multi-threading Scalability Algorithm Database Frontend Code Review WebSockets Load Balancing
OAuth Data Science Database DNS Routing Virtual Machines Content Delivery Network Agile Data Pipeline Artificial Intelligence Success doesn’t just find you. You have to go out and get it. Act as if what you do makes a difference. It does.
