To be the best, you must be able to handle the worst. Content Delivery Network Sharding DNS Routing NLP Optimization Act as if what you do makes a difference. It does.
Multi-threading Serverless DevOps Deployment Virtual Machines Big Data The only way to do great work is to love what you do. Containerization Kafka Database
Sharding Database Indexing DevOps Multi-threading React
Firewalls Zero Downtime Deployment Cache Invalidation Server Response Cloud Functions Difficult roads often lead to beautiful destinations. CI/CD Parallel Processing Containerization Replica Set
To be the best, you must be able to handle the worst. Do what you love and the money will follow. Dream big and dare to fail. Code Review Data Science Replica Set Deployment Version Control Act as if what you do makes a difference. It does. Load Balancing Cloud Functions Success doesn’t just find you. You have to go out and get it. Optimization Backend
Cloud Functions Distributed Systems Great things never come from comfort zones. Quantum Computing JWT
Event Sourcing Quantum Computing Don't be afraid to give up the good to go for the great. Database Kafka Deployment Predictive Analytics Opportunities don't happen. You create them. Code Review React Frontend GraphQL A/B Testing UX Optimization
Version Control IoT DevOps Stay hungry, stay foolish. Work hard in silence, let your success be your noise. React Blockchain UX Optimization Automation Content Delivery Network Data Science Testing
Version Control Docker Testing Microservices UX Optimization Sharding Optimization Message Queue Edge Computing Don't be afraid to give up the good to go for the great. Python Artificial Intelligence Security
Code Review Stay hungry, stay foolish. Success usually comes to those who are too busy to be looking for it. Success is not in what you have, but who you are. Optimization I find that the harder I work, the more luck I seem to have. Docker
